1267271107050188800,823957920207568900,"@____Kollin Lmao you‚Äôre annoying","somewhat-anonymous","Cody"
1267269242325434400,823957920207568900,"@MR___MAAN BRING YOUR ASS BACK TO THE CHAT","somewhat-anonymous","Cody"
1267255078358057000,823957920207568900,"My Villagers after watching Kirk Franklin vs Fred Hammond! My mans Al is in the back getting ready to hit a sprint!‚Ä¶ https://t.co/hneeD55xSP","somewhat-anonymous","Cody"
1267245758471901200,823957920207568900,"@arxhiiie Luv to hear it! Black people uniting is amazing innit! Lol","somewhat-anonymous","Cody"
1267235728267907000,823957920207568900,"@KingBobbyDeal Just save the thought. Type it out and wait until the day so we can be like ‚ÄúYOU THOUGHT WE FORGOT‚Äù","somewhat-anonymous","Cody"
1267232323361267700,823957920207568900,"Now Keri May have done the 5G shit but her tweets ain‚Äôt showing what you saying. Let up off her‚Ä¶ https://t.co/7EECSN1MyW","somewhat-anonymous","Cody"
1267231311384756200,823957920207568900,"@angel_covington @ShezusChrist I am only against the destruction of black homes and businesses if it is not any of‚Ä¶ https://t.co/EuD9z8w5oN","somewhat-anonymous","Cody"
1252645509208125400,1249531382700707800,"@ameliexrose yeah same the bags under my eyes are killing me","somewhat-anonymous","Cody"
1251759556687995000,1249531382700707800,"@dixiedamelio https://t.co/spmhaRBGKj","somewhat-anonymous","Cody"
1251758397541712000,1249531382700707800,"@lilpapivoni but what","somewhat-anonymous","Cody"
1251391295412678700,1249531382700707800,"I‚Äôm tired","somewhat-anonymous","Cody"
1251391229255876600,1249531382700707800,"@charlidamelio now go to sleep","somewhat-anonymous","Cody"
1251390412696301600,1249531382700707800,"@charlidamelio your notifications are driving me insane but i‚Äôm not turning them off. thank you bye","somewhat-anonymous","Cody"
1251389996273148000,1249531382700707800,"@larrayxo @charlidamelio yes omfg period","somewhat-anonymous","Cody"
1251353708144836600,1249531382700707800,"@jadenhossler are u actually asking that jaden","somewhat-anonymous","Cody"
1250900568651989000,1249531382700707800,"LMAOOOO","somewhat-anonymous","Cody"
1249937966279069700,1249531382700707800,"@charlidamelio ice cream cake time periodt","somewhat-anonymous","Cody"
1249937589974556700,1249531382700707800,"te amo","somewhat-anonymous","Cody"
1249937336860913700,1249531382700707800,"@whoisaddison YO MAS","somewhat-anonymous","Cody"
1249937087618580500,1249531382700707800,"@comatoseavani bianca, 14 (soon 15), argentina, idrk, she/her","somewhat-anonymous","Cody"
1249871815331192800,1249531382700707800,"i‚Äôm tired but i‚Äôm not at the same time i feel like a vampire","somewhat-anonymous","Cody"
1249871624180043800,1249531382700707800,"@charlidamelio this one is better","somewhat-anonymous","Cody"
1249871558379700200,1249531382700707800,"charli do be ending avanis carreer tho","somewhat-anonymous","Cody"
1249871372995747800,1249531382700707800,"@charlidamelio HAHAHAHAH","somewhat-anonymous","Cody"
1249871306515939300,1249531382700707800,"@lilpapivoni periodt","somewhat-anonymous","Cody"
1267281477496176600,1125900803758219300,"@higijo59044640 I'm sorry to hear about the problem with your order. Please take a look at the DM we have sent you.‚Ä¶ https://t.co/Sqq930o3cT","somewhat-anonymous","Cody"
1267278227741061000,1125900803758219300,"@finbarsfinest I'm sorry to hear that your package was delayed. As you may know, there are a lot of unique issues c‚Ä¶ https://t.co/Vf6RG20VTj","somewhat-anonymous","Cody"
1267277561383526400,1125900803758219300,"@Rgtime21 Apologies, but we can only speak English from this channel. Feel free to check @Wishsupport on twitter pa‚Ä¶ https://t.co/KQomTbGOel","somewhat-anonymous","Cody"
1267277345725038600,1125900803758219300,"@Rgtime21 Apologies, but we can only speak English from this channel. If you would like to continue in English, ple‚Ä¶ https://t.co/uUT7BTqyXz","somewhat-anonymous","Cody"
1267277026941116400,1125900803758219300,"@way2amiyaranjan Sorry for the delayed response. We took a look at your DM and believe we have resolved your issue.‚Ä¶ https://t.co/IxdeQF4lPs","somewhat-anonymous","Cody"
1267266569723433000,1125900803758219300,"@finbarsfinest Sorry to hear that your item hasn't reached you yet. It appears that your order is still on the way‚Ä¶ https://t.co/HeHVcfJw4S","somewhat-anonymous","Cody"
1267257339389804500,1125900803758219300,"@Selena_Maree We apologize for any delay caused. In any case that a package is delayed and has not arrived by the m‚Ä¶ https://t.co/vxWj1ym2YK","somewhat-anonymous","Cody"
1267254971688456200,1125900803758219300,"@boscanjl Apologies, but we can only speak English from this channel. Feel free to check @Wishsupport on twitter pa‚Ä¶ https://t.co/1sxAK5xX2Z","somewhat-anonymous","Cody"
1267253418307059700,1125900803758219300,"@millwallnick80 Hi Nick! I'm sorry to hear you had a poor experience with. Please take a look at the DM we have sen‚Ä¶ https://t.co/SCGLYNBWgU","somewhat-anonymous","Cody"
1267252135097499600,1125900803758219300,"@ciaranfaloona It appears that this order is set to arrive by June 12. If you don't receive it by that date, feel f‚Ä¶ https://t.co/5TYqfhls9g","somewhat-anonymous","Cody"
1267249835394117600,1125900803758219300,"@MyMidLifeFun Apologies for any inconvenience you have experienced so far. To better assist you, please DM us the o‚Ä¶ https://t.co/5d1gkqL1pe","somewhat-anonymous","Cody"
1267242229426524200,1125900803758219300,"@hellofabulous15 Please understand that unique circumstances such as weather, COVID-related logistics delays, or cu‚Ä¶ https://t.co/bOgzubdb2x","somewhat-anonymous","Cody"
1267239962040205300,1125900803758219300,"@XSHEHRIX Feel free to DM us instead as were unable to view the photo provided. We appreciate your patience,","somewhat-anonymous","Cody"
1267239301395423200,1125900803758219300,"@XSHEHRIX Sorry to hear that your item hasn't reached you yet. Feel free to the package as undelivered the Wish app‚Ä¶ https://t.co/Ko7031rV2s","somewhat-anonymous","Cody"
1267238317457838000,1125900803758219300,"@XSHEHRIX Just go to the item in your order history, click details, scroll down and click customer support, then re‚Ä¶ https://t.co/IqgGFPE7y2","somewhat-anonymous","Cody"
1267238019792240600,1125900803758219300,"@XSHEHRIX At this time, we are experiencing logistical issues outside our control with some of our overseas partner‚Ä¶ https://t.co/HSTw1oLb9Y","somewhat-anonymous","Cody"
1267236209803362300,1125900803758219300,"@benolajuwon Hi Benedict!  I'm sorry to hear that you still don't see your refund. To better assist you, please DM‚Ä¶ https://t.co/JbYGrwDHi4","somewhat-anonymous","Cody"
1267235962674991000,1125900803758219300,"@VYASGSHARMA2 I'm sorry about what happened to your package. To better assist you, please DM us the order details a‚Ä¶ https://t.co/6ceYNnd2ei","somewhat-anonymous","Cody"
1267235375489187800,1125900803758219300,"@VYASGSHARMA2 I'm sorry to hear that you haven't gotten your order yet. To better assist you, please DM us the orde‚Ä¶ https://t.co/yFs3aqo7qp","somewhat-anonymous","Cody"
1267233077123780600,1125900803758219300,"@alptugeren Apologies, but we can only speak English from this channel. Feel free to check @Wishsupport on twitter‚Ä¶ https://t.co/VgqRdihXkg","somewhat-anonymous","Cody"
1267229642458628000,1125900803758219300,"@SheehyDaniels I'm sorry, but we don't have much more information on the location of your parcel than the tracking‚Ä¶ https://t.co/5qSb3OTveC","somewhat-anonymous","Cody"
1267226636690362400,1125900803758219300,"@tvvsradio Apologies for any inconvenience you have experienced so far. To better assist you, please DM us the orde‚Ä¶ https://t.co/sZHukwIkHa","somewhat-anonymous","Cody"
1267223343196971000,1125900803758219300,"@Sufferahsmusic Apologies for any inconvenience you have experienced so far. Because of privacy regulations we'd li‚Ä¶ https://t.co/GVjEC6Rnt0","somewhat-anonymous","Cody"
1267221696383197200,1125900803758219300,"@raj_krv Apologies that you haven't received your previous order. Per our policy, you may report any issue for your‚Ä¶ https://t.co/Jj1wvidde4","somewhat-anonymous","Cody"
1267203796670832600,1125900803758219300,"@KylaHamman Sorry to hear that you didn't receive your item. We are currently experiencing logistical challenges ou‚Ä¶ https://t.co/lJnEooyfpQ","somewhat-anonymous","Cody"
1267246419112374300,763824016943566800,"what in the caucasity and misogyny is this shit?? https://t.co/upfqjKD7Vr","somewhat-anonymous","Cody"
1267230716326101000,763824016943566800,"@CNN add san jose in there","somewhat-anonymous","Cody"
1267228774371692500,763824016943566800,"@playboijaeee wait why? i‚Äôm a leo so I wanna know hah","somewhat-anonymous","Cody"
1267248312723230700,904776269480341500,"@imcalledbrother I use this one. I increase the salt as recommended, add onion powder equal to the garlic powder, a‚Ä¶ https://t.co/RPfyJG9Ud1","somewhat-anonymous","Cody"
1267231248495210500,904776269480341500,"@CoffeeAndKink @such_hockey_wow @redditships I cannot even with this one.","somewhat-anonymous","Cody"
1267206087259779000,904776269480341500,"I made ribs today, my standard recipe that calls for a brown sugar rub and for the ribs to be slow cooked in the ov‚Ä¶ https://t.co/10oMWHuxBD","somewhat-anonymous","Cody"
1267191957765275600,904776269480341500,"If you can read this thread and think ANYTHING except ‚Äúfuck the police‚Äù then damn, I don‚Äôt even want to know you. https://t.co/fTXboFNMMf","somewhat-anonymous","Cody"
1266984083311046700,904776269480341500,"@WitchofTheWands I‚Äôm so glad.","somewhat-anonymous","Cody"
1266927894787326000,904776269480341500,"@WitchofTheWands Fingers crossed you‚Äôll hear from them soon.","somewhat-anonymous","Cody"
1266916275302752300,904776269480341500,"@allieiswriting Oh Jesus.","somewhat-anonymous","Cody"
1266915989800677400,904776269480341500,"@sexiersadie I‚Äôm trying to think back to my public scene days now and evaluate. There was always this feeling that‚Ä¶ https://t.co/J5p5dEM2He","somewhat-anonymous","Cody"
1266913391907504000,904776269480341500,"@sexiersadie You‚Äôre that kind of masochist?","somewhat-anonymous","Cody"
1266905186758353000,904776269480341500,"@sexiersadie Hahahahahahahahahaha 

*gasp*

No.","somewhat-anonymous","Cody"
1266874843548414000,904776269480341500,"I made a chocolate marbled banana bread. Yum. https://t.co/EwlzOtncza","somewhat-anonymous","Cody"
1266815780189962200,904776269480341500,"I have bananas going bad. Who‚Äôs got a good banana bread recipe?","somewhat-anonymous","Cody"
1266812153710776300,904776269480341500,"@parlettscarrish Buttholes","somewhat-anonymous","Cody"
1266793164951580700,904776269480341500,"@quinncy @WineandCrimePod My mom is from Michigan. She says it like Mewk.","somewhat-anonymous","Cody"
1266591177983135700,904776269480341500,"I‚Äôm listening to my husband and MIL talk about sinful foods and frankly, it‚Äôs triggering as fuck. 

FOODS DO NOT HA‚Ä¶ https://t.co/RuP1nO2aV8","somewhat-anonymous","Cody"
1266560608490541000,904776269480341500,"Nice. https://t.co/2o37xZwiQQ","somewhat-anonymous","Cody"
1266557782754390000,904776269480341500,"@smreine Our 6 yr old had to have a cavity filled. I was prepared for her to freak about the drill, since she‚Äôs sen‚Ä¶ https://t.co/WOwpeg84KL","somewhat-anonymous","Cody"
1265209659016777700,1156143060239179800,"Your thoughts shape your future.","somewhat-anonymous","Cody"
1264196933356105700,1156143060239179800,"Nothing is possible without self-belief.","somewhat-anonymous","Cody"
1263157909656973300,1156143060239179800,"Dhirubhai Ambani. https://t.co/lTJ33TH0Me","somewhat-anonymous","Cody"
1262256866966601700,1156143060239179800,"Don't compare yourself with any one, ever.","somewhat-anonymous","Cody"
1262222055266713600,1156143060239179800,"One of the best ways to inspire your self is to inspire others.","somewhat-anonymous","Cody"
1261497530162065400,1156143060239179800,"Fix your thoughts, fix your life.","somewhat-anonymous","Cody"
1260397930260729900,1156143060239179800,"You've to change yourself before you can change the world.","somewhat-anonymous","Cody"
1258528195038425000,1156143060239179800,"Cash is the heart of your business. When heart stops, body stops.","somewhat-anonymous","Cody"
1258527339236831200,1156143060239179800,"Your time is your most precious assets. Don't waste it.","somewhat-anonymous","Cody"
1258526700809252900,1156143060239179800,"In any business, there is only one boss. The customer.","somewhat-anonymous","Cody"
1257872215837741000,1156143060239179800,"Mukesh D.Ambani
#CoronaHaaregaIndiaJeetega. 
@ril_foundation https://t.co/W3O2hhYL87","somewhat-anonymous","Cody"
1257660891002097700,1156143060239179800,"#dhirubhaiambani https://t.co/cb9LBaasQo","somewhat-anonymous","Cody"
1257200777447129000,1156143060239179800,"Jio Silver Lake Deal: After Facebook deal, Mukesh Ambani‚Äôs Jio Platforms bags Rs 5,656 cr investment from Silver La‚Ä¶ https://t.co/hk5m1FNJ97","somewhat-anonymous","Cody"
1257113726152405000,1156143060239179800,"Wealth and power don't go together. Power cannot be brokered. To me, power is responsibility. 
@nitaambani","somewhat-anonymous","Cody"
1257172582073237500,594201573,"Between finals, work and packing to get ready to move my stress level is like no other ü§¶üèº‚Äç‚ôÄÔ∏è","somewhat-anonymous","Cody"
1249577671861973000,594201573,"Work has been so mentally exhausting. I can‚Äôt wait for this whole thing to be over üòïü§¶üèº‚Äç‚ôÄÔ∏è","somewhat-anonymous","Cody"
1248426558315835400,594201573,"Tomorrow‚Äôs my nephews first birthday and I can‚Äôt even snuggle him üò©","somewhat-anonymous","Cody"
1242761022156529700,594201573,"Ending my shift with indents on my face from wearing my N95 mask all night. This shit can be over anytime now üôÑ","somewhat-anonymous","Cody"
1228703534012604400,594201573,"Today consists of grocery shopping, cleaning, laundry and tons of homework then back to work for another 12 hours t‚Ä¶ https://t.co/7tByJZMlKP","somewhat-anonymous","Cody"
1226730474476839000,594201573,"Been working on my business homework for the past 4 hours and I‚Äôm only half way done. Send help  üôÉ","somewhat-anonymous","Cody"
1223006426341216300,594201573,"Please stay this little foreverüòç https://t.co/Il0hphXzYM","somewhat-anonymous","Cody"
1221165667698774000,594201573,"Patiently waiting for Jarrod to get out of work so we can binge watch The Ranch together ü§∑üèº‚Äç‚ôÄÔ∏è","somewhat-anonymous","Cody"
1215398235554173000,594201573,"I feel like I‚Äôve been hit by a bus üò©","somewhat-anonymous","Cody"
1200638053586473000,594201573,"Good night out with the amcare boys üòÇ","somewhat-anonymous","Cody"
1198790162425233400,594201573,"I love my job, but all these comfort care patients have been breaking my heart lately.","somewhat-anonymous","Cody"
1198089968956125200,594201573,"My dementia patient tonight might be the cutest man I‚Äôve ever met in my life","somewhat-anonymous","Cody"
1197888982400557000,594201573,"Nothing better then waking up to Jarrod laying in bed with meüòç","somewhat-anonymous","Cody"
1186137582834520000,594201573,"My favorite little nugget even though he‚Äôs pulling my hairüíï https://t.co/7IBBgmCGKw","somewhat-anonymous","Cody"
1146669961395523600,594201573,"Jarrod FaceTimed me while I‚Äôm at work to show me the fireworks and said that was his way of being with me tonight s‚Ä¶ https://t.co/FKJj2urO7I","somewhat-anonymous","Cody"
1124889647073714200,594201573,"I have been awake since 6am Friday morning and I don‚Äôt know how I am functioning anymoreüôÉ","somewhat-anonymous","Cody"
1109370396086812700,594201573,"So many good changes are happening these next couple months and I‚Äôve never been so grateful ü•∞ü•∞","somewhat-anonymous","Cody"
1103877137952464900,594201573,"Literally drives me insane! https://t.co/vfbcQK3KLd","somewhat-anonymous","Cody"
1101731137574056000,594201573,"It‚Äôs almost flower shop season which means I get to work two jobs and still manage to go to school. Why do I do this to myself ü§£","somewhat-anonymous","Cody"
1097687746074824700,594201573,"Why did I think working full time and going back to school was a good idea?üôÉ","somewhat-anonymous","Cody"
1066183091675381800,594201573,"Tonight was my last night in the ER and I‚Äôve never been so sad about something before üò≠üò≠","somewhat-anonymous","Cody"
1059515966491648000,594201573,"Praying we find out the gender of my sisters baby this week üòçüòç","somewhat-anonymous","Cody"
1056045783068393500,594201573,"Deciding to go back to school is the best/worst decision I‚Äôve ever made üôÉ","somewhat-anonymous","Cody"
1267283436080976000,58556663,"@geriikaram Gracias ‚ô•Ô∏è","somewhat-anonymous","Cody"
1267259076104331300,58556663,"@johnny_hate ‚ô•Ô∏è https://t.co/tnxIt4q5pW","somewhat-anonymous","Cody"
1267258371826212900,58556663,"JUEPUTA BOCHORNO","somewhat-anonymous","Cody"
1267248711182299100,58556663,"@jpguillenz https://t.co/dheNxTC46C","somewhat-anonymous","Cody"
1267245864164233200,58556663,"@chuzfa SHHHHHH aljsdklasjkldas jajaja","somewhat-anonymous","Cody"
1267245766202065000,58556663,"@_juliocalderon @esmareana JAJAJAJA NOENTIENDOESTAPISHA","somewhat-anonymous","Cody"
1267245307848544300,58556663,"@GianCaRestani JAJAJAJAJA no pens√© que fuera a caer. Vamos a ver","somewhat-anonymous","Cody"
1267239421440598000,58556663,"@Moxa_La_8 Maldita sea puse hemisferio sur. UUUUUGH","somewhat-anonymous","Cody"
1267225726094323700,58556663,"Estoy mamando en AC https://t.co/xkSO9h9fCt","somewhat-anonymous","Cody"
1267223024647852000,58556663,"AAAAH :3 #AnimalCrossing #ACNH #NintendoSwitch https://t.co/U80Mxeao1A","somewhat-anonymous","Cody"
1267219295685075000,58556663,"Maldita sea #AnimalCrossing #ACNH #NintendoSwitch https://t.co/hC4MinxCt1","somewhat-anonymous","Cody"
1267177609840005000,58556663,"Bueno, pues a partir de ma√±ana vuelvo a la oficina.","somewhat-anonymous","Cody"
1267158998052151300,58556663,"@tomaszumad Beso de 3 por favor. ü§§üòç‚ô•Ô∏è","somewhat-anonymous","Cody"
1267158127750848500,58556663,"¬øComo hago para mandar una notificaci√≥n de pensi√≥n a Espa√±a? ü§∞üèº https://t.co/LKi9jeBtDe","somewhat-anonymous","Cody"
1267146981899731000,58556663,"Me siento pleno, mi misi√≥n en este mundo esta hecha. ‚ô•Ô∏è https://t.co/ECbNwJtzwP","somewhat-anonymous","Cody"
1267146530118664200,58556663,"Gracias a mi prima por hacer esta foto. ‚ö∞Ô∏èüòÇ","somewhat-anonymous","Cody"
1267283447355248600,41207820,"Six Japanese Bowls - ¬© RC deWinter #art  
https://t.co/qZbYcDj6Dd https://t.co/flD76poOJJ","somewhat-anonymous","Cody"
1267280149617283000,41207820,"And we all know what Sunday night is...my b√™te noire...so....#art! And if you're so inclined...the small bit I make‚Ä¶ https://t.co/9oBWduh9Om","somewhat-anonymous","Cody"
1267278542833934300,41207820,"@MccarverDawn aw....too sweet #StaySafeBeWell https://t.co/5rAmEcSpgX","somewhat-anonymous","Cody"
1267278312243638300,41207820,"https://t.co/ogMw03kPXq","somewhat-anonymous","Cody"
1267278159348740000,41207820,"monochrome
sky i refill my 
cup   grateful
to have just
a cracked and pitted driveway
to conquer today

¬© 2020 RC d‚Ä¶ https://t.co/sWhqOD3Lta","somewhat-anonymous","Cody"
1267278158371356700,41207820,"the hearts of 
others with every
scrape   leaking
the bitter
cold graffiti of grief   the
hot rage of failure

   t‚Ä¶ https://t.co/SuWnFzRjz6","somewhat-anonymous","Cody"
1267278157499039700,41207820,"i can find
swapping slippers for
boots   old and
cracked as the
the wretched driveway   as i
sip my first cup of

c‚Ä¶ https://t.co/UmTyXqhmYj","somewhat-anonymous","Cody"
1267278156702126000,41207820,"nearest the
bed   i don't want to
get up but
know i must
   there's no one else to shovel
the driveway   pitted

wi‚Ä¶ https://t.co/VcumAr8x5k","somewhat-anonymous","Cody"
1267278155846488000,41207820,"#poetry

while waiting for snow

   bleary eyed
i wake to a sky
muddied with
monkgray clouds
swimming across the ey‚Ä¶ https://t.co/LqUtIPXDXK","somewhat-anonymous","Cody"
1267277252435345400,41207820,"@navyvetbolt81 https://t.co/Y9VoS8umll","somewhat-anonymous","Cody"
1267276759550001200,41207820,"Good evening and thank you to all who read/shared the #poem ""in the dark"" Aren't we all? #StaySafeBeWell https://t.co/f0mavTw74I","somewhat-anonymous","Cody"
1267276410084868000,41207820,"Thanks to all who read/shared the #poem *the covenant of salt"" #StaySafeBeWell https://t.co/MkwDy5LIlJ","somewhat-anonymous","Cody"
1267275851483275300,41207820,"@EmbarrassedAme4 https://t.co/SSIsh0sbx5","somewhat-anonymous","Cody"
1267275773762814000,41207820,"@SarahKSilverman @EmbarrassedAme4 nope https://t.co/8pHWEIV7He","somewhat-anonymous","Cody"
1267275716841873400,41207820,"Nope... https://t.co/w4NRC80W3o https://t.co/dfgUahtgrL","somewhat-anonymous","Cody"
1267274898868707300,41207820,"@NotSOBad10 https://t.co/Wx8ociCF13","somewhat-anonymous","Cody"
1267274354271948800,41207820,"@Skooked https://t.co/Pg7ovZdfqQ","somewhat-anonymous","Cody"
1267274184356487200,41207820,"@47Junia https://t.co/kkoo9xWP6w","somewhat-anonymous","Cody"
1267274076193685500,41207820,"@SallieT77303451 https://t.co/gtQkZlz9Jp","somewhat-anonymous","Cody"
1267273932631146500,41207820,"@Craftylishus211 https://t.co/41VKYnnCTQ","somewhat-anonymous","Cody"
1267273628120420400,41207820,"@rhg328 https://t.co/BmreHVg6G7","somewhat-anonymous","Cody"
1266892277617655800,95857604,"I'm taking calls at https://t.co/sdZjfPqdZc. Give me a call before I become busy!","somewhat-anonymous","Cody"
1266840015881076700,95857604,"Signing off #NiteFlirt for a while","somewhat-anonymous","Cody"
1266772240466612200,95857604,"I'm taking calls on #NiteFlirt 1-800-To-Flirt, ext: 02510667. Give me a call before I become busy!","somewhat-anonymous","Cody"
1266323422000435200,95857604,"Signing off #NiteFlirt for a while","somewhat-anonymous","Cody"
1266161724723466200,95857604,"I'm taking calls on #NiteFlirt 1-800-To-Flirt, ext: 02510667. Give me a call before I become busy!","somewhat-anonymous","Cody"
1262376207838036000,95857604,"Signing off #NiteFlirt for a while","somewhat-anonymous","Cody"
1261744919439425500,95857604,"I'm taking calls on #NiteFlirt 1-800-To-Flirt, ext: 02510667. Give me a call before I become busy!","somewhat-anonymous","Cody"
1261560851561095200,95857604,"Signing off #NiteFlirt for a while","somewhat-anonymous","Cody"
1261356854988255200,95857604,"I'm taking calls on #NiteFlirt 1-800-To-Flirt, ext: 02510667. Give me a call before I become busy!","somewhat-anonymous","Cody"
1259178434443370500,95857604,"Stood outside chatting with a friend yesterday and in typical Kate fashion got a touch of a sunburn the first nice day.","somewhat-anonymous","Cody"
1259177710888251400,95857604,"@Humiliatrixxx Just debating venturing out to grab an iced coffee drink.","somewhat-anonymous","Cody"
1257553278566641700,95857604,"Signing off #NiteFlirt for a while","somewhat-anonymous","Cody"
1257444041404416000,95857604,"Have been distracted all weekend long with my new rescue cat. #adoptdontshop #RescueCatsAreTheBest","somewhat-anonymous","Cody"
1256829134413717500,95857604,"Signing off #NiteFlirt for a while","somewhat-anonymous","Cody"
1256721184646926300,95857604,"I'm taking calls on #NiteFlirt 1-800-To-Flirt, ext: 02510667. Give me a call before I become busy!","somewhat-anonymous","Cody"
1256447636942569500,95857604,"Signing off #NiteFlirt for a while","somewhat-anonymous","Cody"
1256270771913216000,95857604,"I'm taking calls on #NiteFlirt 1-800-To-Flirt, ext: 02510667. Give me a call before I become busy!","somewhat-anonymous","Cody"
1254222322233479200,95857604,"Signing off #NiteFlirt for a while","somewhat-anonymous","Cody"
1254125611800461300,95857604,"I'm taking calls on #NiteFlirt 1-800-To-Flirt, ext: 02510667. Give me a call before I become busy!","somewhat-anonymous","Cody"
1252780105635639300,95857604,"Signing off #NiteFlirt for a while","somewhat-anonymous","Cody"
1252680713318600700,95857604,"I'm taking calls at https://t.co/Bhao2lnFEE. Give me a call before I become busy!","somewhat-anonymous","Cody"
1251944746043543600,95857604,"I'm taking calls on #NiteFlirt 1-800-To-Flirt, ext: 02510667. Give me a call before I become busy!","somewhat-anonymous","Cody"
1251732833376272400,95857604,"Signing off #NiteFlirt for a while","somewhat-anonymous","Cody"
1251716585850634200,95857604,"I'm taking calls on #NiteFlirt 1-800-To-Flirt, ext: 02510667. Give me a call before I become busy!","somewhat-anonymous","Cody"
1251377107797790700,95857604,"Signing off #NiteFlirt for a while","somewhat-anonymous","Cody"
1267261984011104300,907048268135354400,"üò≠üòÇ https://t.co/qup2L9ehwC","somewhat-anonymous","Cody"
1267253728794550300,907048268135354400,"Impulsive is meüôÉ","somewhat-anonymous","Cody"
1267253577422119000,907048268135354400,"Ok, I am going to cut this wigüòÇ","somewhat-anonymous","Cody"
1267270176442953700,741136102594056200,"@real1 Just because you are willfully ignorant the rest of us arnt","somewhat-anonymous","Cody"
1267269785953263600,741136102594056200,"@heard_dianne @TheTomValentino @KingCorbinQueen üò≤","somewhat-anonymous","Cody"
1267269729623740400,741136102594056200,"@Tama_Tonga Nah I need to find a way to get you to the states to take the ugly title belt off Cody and remind him w‚Ä¶ https://t.co/j8LyzlJvWl","somewhat-anonymous","Cody"
1267268546255446000,741136102594056200,"Bassett hound #ocdog","somewhat-anonymous","Cody"
1267266105107640300,741136102594056200,"@UprightSiddy Crufew in Arizona","somewhat-anonymous","Cody"
1267264395597381600,741136102594056200,"@CourtyChinMusic Espresso should CHALLENGE for the Universal title","somewhat-anonymous","Cody"
1267263064497217500,741136102594056200,"@x_Beast17_x @BigOisOver It is just like the Rocky Miava era with out the self awareness","somewhat-anonymous","Cody"
1267262853599223800,741136102594056200,"@JOSHYCONKER @thejbird904 @RealNickAldis https://t.co/M4sJJEVq3o","somewhat-anonymous","Cody"
1267261868118179800,741136102594056200,"@dubyacbub @Walk_With_Joe He is a want to be tough guy
He's like tRump without the money","somewhat-anonymous","Cody"
1267261432019562500,741136102594056200,"@UTTRob https://t.co/3iuSP4I12h","somewhat-anonymous","Cody"
1267261085335171000,741136102594056200,"@thejbird904 It has to be @RealNickAldis title v title","somewhat-anonymous","Cody"
1267260751242080300,741136102594056200,"@TheBrandiRhodes @orangecassidy 
This week's A shot of Brandi is 
‚≠ê‚≠ê‚≠ê‚≠ê‚≠ê 
According to @davemeltzerWON 
And me
Spread the word!","somewhat-anonymous","Cody"
1267259507622596600,741136102594056200,"@orangecassidy 
A Basset Hound would be the 
Orange Puppy","somewhat-anonymous","Cody"
1267253649165541400,741136102594056200,"@x_Beast17_x Mandy and Otis

Nobody real life got runined","somewhat-anonymous","Cody"
1267252950285447200,741136102594056200,"@RheasRiptide This aged like milk","somewhat-anonymous","Cody"
1267252830903009300,741136102594056200,"@SeanRossSapp On on Quizalmaina.","somewhat-anonymous","Cody"
1267252695552778200,741136102594056200,"@sweetheartbarbs How is this account not suspended?","somewhat-anonymous","Cody"
1267251863537062000,741136102594056200,"@TheTomValentino @realest_BK9 Dat Ass spreads platonic love","somewhat-anonymous","Cody"
1267223421206720500,563793626,"Woke up from a nightmare with a mixed feeling","somewhat-anonymous","Cody"
1267021996166017000,563793626,"@ilham_hzrd20 Buyar boss","somewhat-anonymous","Cody"
1267019834182602800,563793626,"@ilham_hzrd20 Gae buku ae ben ilmu ne mlebu","somewhat-anonymous","Cody"
1267019591517040600,563793626,"@kikbot_ Mantap emang tingwe","somewhat-anonymous","Cody"
1267010419001979000,563793626,"I‚Äôm going to dye my hair again since my campus will start allowing its student to come there again regardless of th‚Ä¶ https://t.co/Yur3HXDeuO","somewhat-anonymous","Cody"
1266953241381572600,563793626,"@achinlaila Feels like smoke weed","somewhat-anonymous","Cody"
1266934985757319200,563793626,"Self-made cig is far way cheaper than the sold one, I guess I‚Äôll try to make my own cig rn","somewhat-anonymous","Cody"
1266812287240663000,563793626,"I guess it will never be the same again","somewhat-anonymous","Cody"
1266786973974315000,563793626,"It‚Äôs new for noobs like me","somewhat-anonymous","Cody"
1266786892135137300,563793626,"You can use pip to install library for python 2, and you can use pip3 to install library for python 3","somewhat-anonymous","Cody"
1266785911657787400,563793626,"Apparently Ubuntu 18.04 have built-in python 2.7.10 and python 3.6.9 and also separate pip to install different lib‚Ä¶ https://t.co/cvnM0mkecK","somewhat-anonymous","Cody"
1266759880871784400,563793626,"kadung cedek, kadung baper, dadakno wes duwe yang. Saatnya bilang ""Yak moendoer"" https://t.co/61YfHVOwAw","somewhat-anonymous","Cody"
1266662254348390400,563793626,"https://t.co/kYIKcs096F","somewhat-anonymous","Cody"
1266662184219623400,563793626,"I was supposed to curse, but the typo version seems better lol","somewhat-anonymous","Cody"
1266661982360367000,563793626,"Due to high stress level as a final year student, a student suddenly ask her friend a ducking stupid question https://t.co/INSSJBoMtZ","somewhat-anonymous","Cody"
1266637588976201700,563793626,"Êà¶‰∫â„ÇíÂßã„ÇÅ„Çã","somewhat-anonymous","Cody"
1267215620363309000,4579960632,"Finally, send them all to prison. https://t.co/0Ic18LvsFo","somewhat-anonymous","Cody"
1267130912254251000,4579960632,"Finally. https://t.co/Ayeb8bCsX6","somewhat-anonymous","Cody"
1267122808271728600,4579960632,"Apparently, 'peaceful protesting' now includes beating women and destroying their businesses. https://t.co/tm6r5PzexL","somewhat-anonymous","Cody"
1267118568035905500,4579960632,"@AestheticGamer1 @Alkimical There is plenty of evidence for what I said. https://t.co/OqHphV0KgL","somewhat-anonymous","Cody"
1267115804325077000,4579960632,"@AestheticGamer1 @Alkimical No way. Portland is always in the news for having riots or 'peaceful protests' as you c‚Ä¶ https://t.co/21JdnTV3XX","somewhat-anonymous","Cody"
1267113741352484900,4579960632,"@LorenLo50773174 Video or it didn't happen. Also, it's not peaceful nor protesting when you vandalize a war memorial for dead Soldiers.","somewhat-anonymous","Cody"
1266953687517163500,4579960632,"#CrowderRiotStream https://t.co/roclnTYlTD","somewhat-anonymous","Cody"
1266953478947008500,4579960632,"@LarryLL_ Wouldn't you say violent revolutionaries are enemies of the state? I mean their goal is violent overthrow of the government.","somewhat-anonymous","Cody"
1266949091851825200,4579960632,"@StefanMolyneux If you were selected for such a panel what would you advise?","somewhat-anonymous","Cody"
1266909339899449300,4579960632,"@jUsT_A_bIkE_cOp I swear, this is just lunacy going on everywhere. Hopefully, the military gets called in to put a stop the insanity.","somewhat-anonymous","Cody"
1266844855977881600,4579960632,"@StefanMolyneux @YouTube Confirmed","somewhat-anonymous","Cody"
1266800564458963000,4579960632,"@dc4bs @conservmillen There is no doubt the officers involved contributed to his death. Anyone who says otherwise i‚Ä¶ https://t.co/TxYELLTB1N","somewhat-anonymous","Cody"
1266799549227561000,4579960632,"@catturd2 @DineshDSouza Simple, it doesn't support their narrative.","somewhat-anonymous","Cody"
1266799161430569000,4579960632,"@conservmillen People are literally in denial of reality.","somewhat-anonymous","Cody"
1266794416062136300,4579960632,"@dc4bs @conservmillen So, the autopsy report is a lie when it said, the cause of death was not due to strangulation or asphyxiation?","somewhat-anonymous","Cody"
1266858563843965000,3305685547,"Still don‚Äôt get how Berserk has some of the most disgusting fans","somewhat-anonymous","Cody"
1266855485698793500,3305685547,"@pocalypsehustle @ReadBerserk1 Google it then.","somewhat-anonymous","Cody"
1266854532778098700,3305685547,"@pocalypsehustle @ReadBerserk1 Casca is a black character, OP posted her to bless the tl in light of recent police‚Ä¶ https://t.co/N1B36N9vmh","somewhat-anonymous","Cody"
1266816237897564200,3305685547,"@pocalypsehustle @ReadBerserk1 Are you really... now? Of all times?","somewhat-anonymous","Cody"
1266815844060823600,3305685547,"I‚Äôve been trying to educate him for years but he‚Äôs so fucking programmed to believe black people aren‚Äôt disadvantag‚Ä¶ https://t.co/D5FAiJXk5y","somewhat-anonymous","Cody"
1266814009182810000,3305685547,"Ironic how my dad played Cop Killer for me when I was 12 and I grew up to stand for BLM, while he thinks BLM is a b‚Ä¶ https://t.co/8a5cR9cGBd","somewhat-anonymous","Cody"
1266810214705098800,3305685547,"@vorejutsu @snowlattes My only issue is when people make a post explaining why they‚Äôre logging off. I guarantee nob‚Ä¶ https://t.co/H5ZRVanjVp","somewhat-anonymous","Cody"
1267245628834406400,272614288,"@themarkcampbell Next time I'm in Chicago, please let me buy you a drink. https://t.co/Tv0SK4Visl","somewhat-anonymous","Cody"
1267243683520352300,272614288,"@Crafty_Kathryn Oh, Kathryn. I am so, so sorry.","somewhat-anonymous","Cody"
1267237314616594400,272614288,"https://t.co/VytQhYRfE5","somewhat-anonymous","Cody"
1267228209919164400,272614288,"Of my 3 favorites, only 1 (@TheSecondCity ) has issued a statement. The other 2 remain silent and therefore complic‚Ä¶ https://t.co/Rk2uU5NHVD","somewhat-anonymous","Cody"
1267227689796227000,272614288,"@artinstitutechi Silence is complicity. Where is your statement?","somewhat-anonymous","Cody"
1267227149766975500,272614288,"@OfficialOMD Silence is complicity. Where's OMD's statement?","somewhat-anonymous","Cody"
1267206802472657000,272614288,"This is a very good book. 

Year of Zines by Sarah Mirk

order from @Microcosmmm https://t.co/NWoQoHxED6","somewhat-anonymous","Cody"
1267082419410284500,272614288,"day 5
same https://t.co/XSO4eaCja3","somewhat-anonymous","Cody"
1266891731531939800,272614288,"@Microcosmmm *ahem* Again. So, basically, not checking that box on the order is pointless bc your order packers hav‚Ä¶ https://t.co/5fdPhO24ny","somewhat-anonymous","Cody"
1266869926511415300,272614288,"@NEWmrsmorris No. It's a mindgame thing. I need this mile. I WANT this mile. Giving myself this angry gift. NOT helpless.","somewhat-anonymous","Cody"
1267245101178331100,996929941961928700,"@mingoshine @BAEKHUl @junseoflrt mark and another member from got7 posted that they donated to George‚Äôs memorial fu‚Ä¶ https://t.co/UPweWK9xwT","somewhat-anonymous","Cody"
1266925067008487400,1138268232865894400,"@atetaere jiun tunjukin chatnya sama jungkook flisss","somewhat-anonymous","Cody"
1266924920925114400,1138268232865894400,"@atetaere maap jiun ak dah ngatain km aksksnbsnak","somewhat-anonymous","Cody"
1266747134520422400,1138268232865894400,"@bangstore95 @BTS_twt mau mots 7 ver 1 @BTS_twt","somewhat-anonymous","Cody"
1266703328680927200,1138268232865894400,"@BTS_twt AAAAAAAAAAAAAAAAAA üíúüíúüíúüíúüíú","somewhat-anonymous","Cody"
1266703314567090200,1138268232865894400,"AKSJNSNDND https://t.co/kCVBtvgiWM https://t.co/zXvHvmEX9K","somewhat-anonymous","Cody"
1266675916198928400,1138268232865894400,"@shyuk_kiyowo belum","somewhat-anonymous","Cody"
1266675469463650300,1138268232865894400,"@frederikadesima iya sippp, followan dulu dong hehe","somewhat-anonymous","Cody"
1266675004021735400,1138268232865894400,"@hopeachim banyak amat aksksk","somewhat-anonymous","Cody"
1266674654455816200,1138268232865894400,"@yoongitav cangtip betul sksksk","somewhat-anonymous","Cody"
1266674591121862700,1138268232865894400,"@maaseokjin ak enggaa","somewhat-anonymous","Cody"
1266671895052644400,1138268232865894400,"@frederikadesima wokee makasihh","somewhat-anonymous","Cody"
1266671757978566700,1138268232865894400,"@bukanistirahat tayi :)","somewhat-anonymous","Cody"
1266647106938257400,1138268232865894400,"@purpleyou509 om","somewhat-anonymous","Cody"
1267130709799395300,308460906,"@Jeff__Benjamin @GOT7Official @mtuan93 Jae too","somewhat-anonymous","Cody"
1267125254695968800,308460906,"Check out iamhenry's video! #TikTok https://t.co/Yh2c5YgErw","somewhat-anonymous","Cody"
1267068381095583700,308460906,"@_seewhyjaeCYJ Mabuti pang mag unfollow spree sila bawas toxic","somewhat-anonymous","Cody"
1267067446847889400,308460906,"@_seewhyjaeCYJ Mga ayaw kasi malalamangan. Pati ba naman sa amount ng donasyon. Sige mas malaki ang income ng fave‚Ä¶ https://t.co/1S3fLaDg0l","somewhat-anonymous","Cody"
1267066367733162000,308460906,"@_seewhyjaeCYJ Nagsama-sama mga latak sa isang fandom.","somewhat-anonymous","Cody"
1267066060999557000,308460906,"@_seewhyjaeCYJ Kaya nga ehh.","somewhat-anonymous","Cody"
1267064799621533700,308460906,"@_seewhyjaeCYJ May iba din sa ""kanila"" si Henry naman pinipilit na mag-sign sa mga petitions or donate from sales o‚Ä¶ https://t.co/5GhDxDys53","somewhat-anonymous","Cody"
1267063460027760600,308460906,"@_seewhyjaeCYJ Tsaka pati ba naman 'yon issue pa? Mga walang buhay","somewhat-anonymous","Cody"
1267062718395105300,308460906,"@_seewhyjaeCYJ e_e kahit nga tumengga lang siya kikita at kikita pa rin siya sa royalties. Bakit hindi nila icompar‚Ä¶ https://t.co/g2nMb9uNGh","somewhat-anonymous","Cody"
1267056382534054000,308460906,"@_seewhyjaeCYJ Ano ba si J? No work, no pay employee? Arawan ang bayad? Isang kahig, isang tuka wage earner?","somewhat-anonymous","Cody"
1267055738037272600,308460906,"@stilldirrrrty @liberatedbussy Don't forget Walk Away-Fighter, The Voice Within-I'm OK,
F. U. S. S.-On Our Way, Lov‚Ä¶ https://t.co/O4pVEIZoha","somewhat-anonymous","Cody"
1267054199914655700,308460906,"@HERMusicx you just gain a new fan from the Philippines. I'm so amazed by you.","somewhat-anonymous","Cody"
1267052289153331200,308460906,"@_seewhyjaeCYJ May naglakas-loob magcritisize??","somewhat-anonymous","Cody"
1267052025335804000,308460906,"#BlackLivesMatter

Video from @xtina_ph's FB https://t.co/4zP3nFHKwR","somewhat-anonymous","Cody"
1266937812936351700,308460906,"Redmi note 9 pro review
https://t.co/sxXa0su5Qv","somewhat-anonymous","Cody"
1266772191787413500,308460906,"Twitter automatically sets my notifications to ""tailored for you"" that's why I didn't receive any push notification.","somewhat-anonymous","Cody"
1266770464141004800,308460906,"Do you remember when you joined Twitter? I do! #MyTwitterAnniversary https://t.co/u2DtfzMJMm","somewhat-anonymous","Cody"
1266606162348142600,308460906,"@henrylau89 https://t.co/dLubIdjAAp","somewhat-anonymous","Cody"
1266605746621304800,308460906,"Please don't. Huwag mo akong pilitin. I'm weak. https://t.co/419kKQ922D","somewhat-anonymous","Cody"
1267208995225272300,880576220169084900,"another protest tonight‚úäüèΩ","somewhat-anonymous","Cody"
1266898917951561700,880576220169084900,"ACAB SICK MFS https://t.co/lhIyFRPBIM","somewhat-anonymous","Cody"
1266893243473490000,880576220169084900,"@bree_thaaanng congrats üíñ‚ù§Ô∏è","somewhat-anonymous","Cody"
1266585783973998600,880576220169084900,"these cops are disgusting https://t.co/T5yH0IJG2Q","somewhat-anonymous","Cody"
1266465509471662000,783369637086003200,"#BlackLivesMatter https://t.co/9OMDk3WLGs","somewhat-anonymous","Cody"
1267249665667285000,3140693328,"I swear this shit is crazy &amp; dumb asf for how they really acting out here! In every way this just ain‚Äôt right‚Ä¶ https://t.co/IZEmdtPSMj","somewhat-anonymous","Sandra"
1265813128127766500,3140693328,"Because these are cute üåûüêö https://t.co/8K4qpHpyJb","somewhat-anonymous","Sandra"
1265659529414361000,3140693328,"Frrrrr this shit happened way to my times for my family ü§¨ https://t.co/MkTupoRhit","somewhat-anonymous","Sandra"
1263714715470979000,3140693328,"My cat just had her fucking babies all over my clothes ü§¨ü§úüèæüê±","somewhat-anonymous","Sandra"
1249577705412018200,3140693328,"I HATE going to bed craving food üò§üòí","somewhat-anonymous","Sandra"
1266999678232457200,1093701553754521600,"Can never do what I want...","somewhat-anonymous","Sandra"
1266986778105266200,1093701553754521600,"Latinos need to stand up for the Afro Latinos and the rest of the black community right now..
‚úäüèæ‚úäüèæ‚úäüèæ","somewhat-anonymous","Sandra"
1266981870064947200,1093701553754521600,"I‚Äôll never forget the day my non Spanish speaking ass got called a foreigner...","somewhat-anonymous","Sandra"
1266953206589882400,1093701553754521600,"About to go loot the gyms for some dumb bells and workout equipment üò≠","somewhat-anonymous","Sandra"
1266938215811825700,1093701553754521600,"my mood this year https://t.co/0alYiymdvH","somewhat-anonymous","Sandra"
1266918157895127000,1093701553754521600,"my mom when I post my butt tattoo üò≠üò≠üò≠ https://t.co/SvFBmKwRn2","somewhat-anonymous","Sandra"
1266916284257562600,1093701553754521600,"Since my bday is coming up and people are looting üòè.. my size is small/med and I‚Äôm 7 in a half 
Also I want an iPad lol","somewhat-anonymous","Sandra"
1266651262210109400,1093701553754521600,"Neighbors partying it up like there‚Äôs no covid going around","somewhat-anonymous","Sandra"
1266534291258802200,1093701553754521600,"So happy that my knee healed and didn‚Äôt have a fracture üôå","somewhat-anonymous","Sandra"
1265817810531315700,1093701553754521600,"someone in my work group chat just said we might reopen in a week or two and it‚Äôs like bish who said I‚Äôm going back‚Ä¶ https://t.co/XvqjfkeYpf","somewhat-anonymous","Sandra"
1264484890625507300,1093701553754521600,"Me and my car before this pandemic https://t.co/owLtmkcAj8","somewhat-anonymous","Sandra"
1266008614193574000,277775454,"Stand For Something or Fall For Anything. ‚ÄúGlobal Vibes prod by @itsdfreshbeatz out everywhere https://t.co/qzGfuAgmqz","somewhat-anonymous","Sandra"
1265878593105690600,277775454,"@JohnJHaZe All i eat is chinese food and they undefeated rn","somewhat-anonymous","Sandra"
1263832234697592800,277775454,"@TyreeLegal @JonBullseye @SherMelts I cant he not trying to work no LA Fitness","somewhat-anonymous","Sandra"
1263310479990104000,277775454,"Fully Invested in Myself","somewhat-anonymous","Sandra"
1260836404747214800,277775454,"@Edd_Romer Don‚Äôt worry. Just remember the good ones go if you wait to long","somewhat-anonymous","Sandra"
1260792194463654000,277775454,"@MJCheen Lmao in the gulag","somewhat-anonymous","Sandra"
1260791056817324000,277775454,"No way i found the one","somewhat-anonymous","Sandra"
1260090571525324800,277775454,"@JohnJHaZe Global Vibes. Im feeling different rn like i unlocked a new level","somewhat-anonymous","Sandra"
1260088780192710700,277775454,"Back to Writing ‚úçÔ∏è","somewhat-anonymous","Sandra"
1260081638626787300,277775454,"@Jflinno Lmaoooo","somewhat-anonymous","Sandra"
1267276661097001000,3374121316,"@kinderzall Anj ngilu liatnya","somewhat-anonymous","Sandra"
1267143575432597500,3374121316,"@RizkyJanuari_ Mantap, tiati kena tangkapp xixi","somewhat-anonymous","Sandra"
1267134087862472700,3374121316,"@bukhariast Oh halah hp baruüòåüòå","somewhat-anonymous","Sandra"
1267130837268496400,3374121316,"@groott_ Iya ok","somewhat-anonymous","Sandra"
1267130657538404400,3374121316,"@blckcolorfull @feelsucs Liat ciwi cantik langsung nyosor si gilang","somewhat-anonymous","Sandra"
1267130027017040000,3374121316,"@bukhariast tania mo begadang lagi ga?","somewhat-anonymous","Sandra"
1267129825723953200,3374121316,"@AREAJULID Gw pernah banget baru ngefollow dah dimasukin ke cfüòå","somewhat-anonymous","Sandra"
1267128735381115000,3374121316,"@blckcolorfull https://t.co/1NgL7cWvOk","somewhat-anonymous","Sandra"
1267127444265300000,3374121316,"@blckcolorfull https://t.co/DVngqLCjBW","somewhat-anonymous","Sandra"
1267127068325642200,3374121316,"@blckcolorfull Rame kan notif lu gil","somewhat-anonymous","Sandra"
1267123717605220400,3374121316,"@RizkyJanuari_ https://t.co/RQKA8QZpXv","somewhat-anonymous","Sandra"
1267123339769737200,3374121316,"@RizkyJanuari_ Bole candi di minicraft satu malam ini bisa jdi","somewhat-anonymous","Sandra"
1267123170827317200,3374121316,"@sedboi24jam aku sediii","somewhat-anonymous","Sandra"
1267123099461247000,3374121316,"@swetiepay Ajarin dungs biar crush peka","somewhat-anonymous","Sandra"
1267122985934061600,3374121316,"@blckcolorfull https://t.co/Pqezlmiffb","somewhat-anonymous","Sandra"
1267122861988212700,3374121316,"@blckcolorfull https://t.co/exs81ra7MR","somewhat-anonymous","Sandra"
1267122785966452700,3374121316,"@blckcolorfull https://t.co/KuK0cHqahu","somewhat-anonymous","Sandra"
1267122744837070800,3374121316,"@blckcolorfull https://t.co/xzzej4qr2L","somewhat-anonymous","Sandra"
1267122626238898200,3374121316,"@blckcolorfull Bacott","somewhat-anonymous","Sandra"
1267122512699158500,3374121316,"@RizkyJanuari_ Lu mo ga jadi tuyul gw ngab?","somewhat-anonymous","Sandra"
1267121651830775800,3374121316,"@blckcolorfull https://t.co/frkD8UtQEA","somewhat-anonymous","Sandra"
1267121564039831600,3374121316,"@iamurjoy_ Ishh aku bosan ngejombloüòå","somewhat-anonymous","Sandra"
1267121444023963600,3374121316,"@imfriendlyifu2 Betul sekaliii","somewhat-anonymous","Sandra"
1267147608163680300,1241996807296536600,"@Shad_Aameen Allah ka azaab has arrived please follow allah one allah can help us","somewhat-anonymous","Sandra"
1267147314428211200,1241996807296536600,"@MiralAli03 @omaregenerator In sha allah one day allah will open masjid al aqsa forever and for everyone","somewhat-anonymous","Sandra"
1267131924801183700,1241996807296536600,"@AliyaHasan_ @NastitiDewi10 Skins are not important 
Hearts are important 
Be good and kind to all
My prophet (saw) thoughts","somewhat-anonymous","Sandra"
1267131322553602000,1241996807296536600,"@sahouraxo @warrioroftrut Few days after that all normal","somewhat-anonymous","Sandra"
1267129342116507600,1241996807296536600,"@BenPopeCST @BlazonUrban Allah is watching 

Allah is watching 

Allah is watching 

Allah is watching

Allah is wa‚Ä¶ https://t.co/9ADocjAAuJ","somewhat-anonymous","Sandra"
1267127667272253400,1241996807296536600,"@xWahnx @hajialquddus 100 likes","somewhat-anonymous","Sandra"
1267120958218711000,1241996807296536600,"@Pawankhera @harmony1960 @INCDelhi @INCUttarPradesh See his is one of the best chief minister of Maharashtra 
See h‚Ä¶ https://t.co/1cxBJhTzoz","somewhat-anonymous","Sandra"
1267119344833622000,1241996807296536600,"@Qadri555 @Ghalianno @AliyaHasan_ @MiralAli03 @MaramNahal @jannamahmoud3 @RawanBDS @MaBuddytango @KiaraMartinzzz‚Ä¶ https://t.co/AocRarIJm6","somewhat-anonymous","Sandra"
1267118380458205200,1241996807296536600,"@inshallah1001 Ok please always follow allah and dua for me jazak allah khair","somewhat-anonymous","Sandra"
1267116768771715000,1241996807296536600,"@inshallah1001 Nowadays it‚Äôs trending in America black and white","somewhat-anonymous","Sandra"
1267114389489868800,1241996807296536600,"@inshallah1001 Clean hearts without racism anyone can work with anyone and any place","somewhat-anonymous","Sandra"
1267113410182836200,1241996807296536600,"@inshallah1001 Yes next to you","somewhat-anonymous","Sandra"
1267112396444725200,1241996807296536600,"@inshallah1001 Agreed good friendship will make us enter to paradise","somewhat-anonymous","Sandra"
1267111538453737500,1241996807296536600,"@inshallah1001 Pls provide me a job in your new office let me be your assistant","somewhat-anonymous","Sandra"
1267111300796043300,1241996807296536600,"@inshallah1001 Broken heart syndrome","somewhat-anonymous","Sandra"
1267109884174057500,1241996807296536600,"@SpockSpeaks One of the beautiful city is Kerala","somewhat-anonymous","Sandra"
1267109478626783200,1241996807296536600,"@SpockSpeaks Education cleanliness decency honesty cooperative people 
Good media 
Good helpful police force 
Honest NGO‚Äôs
No racism","somewhat-anonymous","Sandra"
1267108951780282400,1241996807296536600,"@SpockSpeaks Kerala is only one place in India 

The title is given GODS OWN COUNTRY AND IT DESERVE IT","somewhat-anonymous","Sandra"
1267091027476660200,1241996807296536600,"@MamoonCh_ @OmarAbdullah First tell me pray for Kashmir on what topic","somewhat-anonymous","Sandra"
1267088993306341400,1241996807296536600,"@Muhamma12272127 @DeepakS33236607 @ashoswai Pakistanis are dogs not us 
We Indians are brave and tigers","somewhat-anonymous","Sandra"
1267086451340009500,1241996807296536600,"@Babu89490118 @Ambreen62986028 @ashoswai Indian soldiers are brave we are not like Pakistani soldiers","somewhat-anonymous","Sandra"
1267083678997344300,1241996807296536600,"You are in my mind
You are in my blood
You are in my heart 
You are in my life 

When you are in my entire body and‚Ä¶ https://t.co/HnEupCuMwF","somewhat-anonymous","Sandra"
1267047313958002700,1241996807296536600,"@AllahGreatQuran @mrs_ayazahmad When allah is with us then we have to nothing to worry about","somewhat-anonymous","Sandra"
1266979466061856800,1241996807296536600,"@txC1ixfExh3eC40 @Ghalianno Always be kind to others 
No kindness no faith
You have power military 
Palastine has h‚Ä¶ https://t.co/5wATzp65BE","somewhat-anonymous","Sandra"
1266911544039796700,1241996807296536600,"The rockets may be above us 

But they have forgotten

Allah is above them 

#lovehelppalastine","somewhat-anonymous","Sandra"
1267281916790624300,1331126287,"Debuted AKB48 team A March, 2010 / 10th
Generation","somewhat-anonymous","Sandra"
1267274344956219400,1331126287,"Singles Participated In
Chance no Junban (""Fruits Snow"" /
Team Kenkyuusei)
Sakura no Ki ni Narou (""Ougon
Center"" /‚Ä¶ https://t.co/oE9jvkq3Vc","somewhat-anonymous","Sandra"
1267266839916077000,1331126287,"Iriyama Anna was promoted together
with Abe Maria to the newly formed
Team 4 during the Seibu Dome
concert back in 2011.","somewhat-anonymous","Sandra"
1267259237689733000,1331126287,"She often plays
upon this fact by mixing English
words into her sentences and
generally speaking as if she were a
f‚Ä¶ https://t.co/iYPTAcyiq6","somewhat-anonymous","Sandra"
1267251715121614800,1331126287,"Iriyama
also declares her love for
strawberries and has integrated this
into her catchphrase.","somewhat-anonymous","Sandra"
1267221504221053000,1331126287,"Her Bloodtype B","somewhat-anonymous","Sandra"
1267213937667240000,1331126287,"Member of Culture Club #Annin","somewhat-anonymous","Sandra"
1267198846192382000,1331126287,"Her favorite numbers: 7 &amp; 100","somewhat-anonymous","Sandra"
1267093143826002000,1331126287,"Chart Oricorn Weekly 2012 ""Ikujinashi
Masquerade""
(ÊÑèÊ∞óÂú∞„Å™„Åó
„Éû„Çπ„Ç´„É¨„Éº
„Éâ ? ,
""Sissy
Masquerade"")
No.1 #AKB","somewhat-anonymous","Sandra"
1267085611833278500,1331126287,"Born
December 3, 1995 in Chiba
Prefecture #annin","somewhat-anonymous","Sandra"
1267078042397978600,1331126287,"„Ç§„ÉÅ„Ç¥„ÅÆÂõΩ„Åã„Çâ„Åì„Çì„Å°„Å´„ÅØ„ÄÅ„ÅÇ„Å™„Åü
„ÅÆ„Éè„Éº„Éà„Çí„É©„Éñ„Ç∫„ÉÉ„Ç≠„É•„É≥ÔºÅÊ∞∏ÈÅ†„ÅÆ
17Ê≠≥„ÄÅ È´òÁ≠âÂ≠¶Ê†°3Âπ¥Áîü„ÅÆÂÖ•Â±±ÊùèÂ•à„Åß
„Åô","somewhat-anonymous","Sandra"
1267055425876193300,1331126287,"1st Janken Taikai - she didn't qualify","somewhat-anonymous","Sandra"
1267040328063697000,1331126287,"Promoted to full AKB48 member on
June 24, 2011","somewhat-anonymous","Sandra"
1267017651500404700,1331126287,"Her Favorite anime(s): Gintama &amp; K-ON!","somewhat-anonymous","Sandra"
1267010123915915300,1331126287,"Her Hobbies: Watching anime, comedy
show, listening music, and reading
manga","somewhat-anonymous","Sandra"
1267002554224742400,1331126287,"Her favorite SKE48's members: Kizaki
Yuria, Mukaida Manatsu, &amp; Kimoto
Kanon","somewhat-anonymous","Sandra"
1266995004473368600,1331126287,"Debuted AKB48 team A March, 2010 / 10th
Generation","somewhat-anonymous","Sandra"
1266987455720222700,1331126287,"Singles Participated In
Chance no Junban (""Fruits Snow"" /
Team Kenkyuusei)
Sakura no Ki ni Narou (""Ougon
Center"" /‚Ä¶ https://t.co/SeJ8zXBd4I","somewhat-anonymous","Sandra"
1266979912436473900,1331126287,"Iriyama Anna was promoted together
with Abe Maria to the newly formed
Team 4 during the Seibu Dome
concert back in 2011.","somewhat-anonymous","Sandra"
1266972359153479700,1331126287,"She often plays
upon this fact by mixing English
words into her sentences and
generally speaking as if she were a
f‚Ä¶ https://t.co/2ErvVl5wP8","somewhat-anonymous","Sandra"
1266964820961620000,1331126287,"Iriyama
also declares her love for
strawberries and has integrated this
into her catchphrase.","somewhat-anonymous","Sandra"
1266934609477988400,1331126287,"Her Bloodtype B","somewhat-anonymous","Sandra"
1266927056362717200,1331126287,"Member of Culture Club #Annin","somewhat-anonymous","Sandra"
1266911956486643700,1331126287,"Her favorite numbers: 7 &amp; 100","somewhat-anonymous","Sandra"
1266836457286627300,1331126287,"Chart Oricorn Weekly 2012 ""Ikujinashi
Masquerade""
(ÊÑèÊ∞óÂú∞„Å™„Åó
„Éû„Çπ„Ç´„É¨„Éº
„Éâ ? ,
""Sissy
Masquerade"")
No.1 #AKB","somewhat-anonymous","Sandra"
1267199695752962000,1206231058305429500,"Gents... I‚Äôm just in total awe. Learn to love buying for her üê∑ https://t.co/v5A33uIM0j","somewhat-anonymous","Sandra"
1267198883668598800,1206231058305429500,"Mulberry? X https://t.co/R7UvYMD24S","somewhat-anonymous","Sandra"
1267196080850174000,1206231058305429500,"üòçüòçüòçüòç https://t.co/7wrZP555OG","somewhat-anonymous","Sandra"
1267159343784513500,1206231058305429500,"Give it to me x https://t.co/dZM6fkZgGq","somewhat-anonymous","Sandra"
1267153764936560600,1206231058305429500,"@dragonflyyy1221 It‚Äôs me x","somewhat-anonymous","Sandra"
1267152602006945800,1206231058305429500,"I‚Äôm in love x https://t.co/E1d4rw59yP","somewhat-anonymous","Sandra"
1267151163251667000,1206231058305429500,"@RoyalRachy_FD enjoy... you‚Äôll blow our heads wearing it x https://t.co/XRfqZDwq8g","somewhat-anonymous","Sandra"
1267149164779094000,1206231058305429500,"Oh yes x https://t.co/h7yTXclaai","somewhat-anonymous","Sandra"
1267148088545861600,1206231058305429500,"‚ù§Ô∏è‚ù§Ô∏è @touchRTP @Scarlett_mudpup @rtjackass @Brun0Parent @tonybobo3 https://t.co/vYPxe08s1V","somewhat-anonymous","Sandra"
1267146677292540000,1206231058305429500,"Sent .. have a rum &amp; raisin for me ‚ù§Ô∏è https://t.co/FQnXlstWCu","somewhat-anonymous","Sandra"
1266938778112778200,3776427072,"Someone get the news reporter Rebecca out of there üòÇüòÇüòÇ","somewhat-anonymous","Sandra"
1266273904261120000,3776427072,"I still don‚Äôt know what the fuck I‚Äôm doin https://t.co/mRpooDH5TT","somewhat-anonymous","Sandra"
1265907592578007000,3776427072,"@babyrashell Girl I don‚Äôt even drink coffee so why tf am I shaky üòî","somewhat-anonymous","Sandra"
1265906616194351000,3776427072,"Im so shaky for no mf reason","somewhat-anonymous","Sandra"
1265868479917224000,3776427072,"@wasfaaaa @bretmanrock","somewhat-anonymous","Sandra"
1265868076853018600,3776427072,"@EscobarShyla Me too sis. Me too","somewhat-anonymous","Sandra"
1265536665499680800,3776427072,"@JayCruzzer So blessed to have you bebe üíõ‚ô•Ô∏è","somewhat-anonymous","Sandra"
1265394291335028700,3776427072,"@Ohhsylvia Yes","somewhat-anonymous","Sandra"
1265314808892514300,3776427072,"Kota the Friend &gt;&gt;&gt;&gt;","somewhat-anonymous","Sandra"
1265028013055307800,3776427072,"Forever 21 at the summit is closing and is having a sale !!","somewhat-anonymous","Sandra"
1267256536482668500,38201224,"@ThirdRockPeace I love it here in Upstate NY.","somewhat-anonymous","Sandra"
1267228505617686500,38201224,"@WFKARS When my kids were small - each little positive achievement added to stars and stars added together gained p‚Ä¶ https://t.co/WbgyBQw4ze","somewhat-anonymous","Sandra"
1267228077723091000,38201224,"This is why the protests are not peaceful.  Fvckin MAGAts https://t.co/HDvNCgVxIT","somewhat-anonymous","Sandra"
1267183016981430300,38201224,"@MysterySolvent https://t.co/4PGpK1luZ2","somewhat-anonymous","Sandra"
1267020523059511300,38201224,"Powerful. #GeorgeFloydProtests https://t.co/yNYzyiCXec","somewhat-anonymous","Sandra"
1267020116719472600,38201224,"@DoYouEvenLif @yashar Been scrolling thru Twitter since 2am. It‚Äôs now 5:07.  My mind just will not settle.  üòï","somewhat-anonymous","Sandra"
1266537399720587300,38201224,"This is what I needed tonight https://t.co/gGPp8tFS5v","somewhat-anonymous","Sandra"
1266536301198749700,38201224,"@MKKidWrangler @Ziggie_zaggie Hysterical","somewhat-anonymous","Sandra"
1266533862458392600,38201224,"This is why we need women leading ev-ree-thing! üôåüôå https://t.co/F8vmjqSI5P","somewhat-anonymous","Sandra"
1266443568211689500,38201224,"@amyklobuchar That 3rd degree murder charge is a SLAP IN THE FACE!","somewhat-anonymous","Sandra"
1266159376336814000,38201224,"@alexanderchee Omg. I never knew this!  Just when I thought I was a complete failure THIS tweet happens. üíÄ","somewhat-anonymous","Sandra"
1266052976059256800,38201224,"@pulte Happy Birthday Bill!!   Hope your day is filled with wonderful things!!  üíúüíú","somewhat-anonymous","Sandra"
1265979492872474600,38201224,"‚ù§Ô∏è‚ù§Ô∏èü•∞ü•∞ü•∞ https://t.co/uXfI4ppX9s","somewhat-anonymous","Sandra"
1265977290380513300,38201224,"@MysterySolvent Goes to the same plastic surgeon as Jared.","somewhat-anonymous","Sandra"
1265827160272617500,38201224,"I just finished S#2 of #afterlife it was so good. @rickygervais you were brilliant! I sobbed at the final scene -An‚Ä¶ https://t.co/xMc2o1uTpA","somewhat-anonymous","Sandra"
1265817122728546300,38201224,"@girlsreallyrule @PattyArquette This is the way WAY bottom of the swamp. JFC","somewhat-anonymous","Sandra"
1267203327999258600,1179472002140250000,"@Lord_Sugar Just ignore them Lord S","somewhat-anonymous","Sandra"
1267198684367814700,1179472002140250000,"@BethRigby @FT @emmavj Watching C4 news is a mental health risk...","somewhat-anonymous","Sandra"
1267188496441147400,1179472002140250000,"@piersmorgan @GMB Yes why not ... they, like the rest of the British public , won‚Äôt give a fig what have to say...","somewhat-anonymous","Sandra"
1267188063345815600,1179472002140250000,"@piersmorgan @AlokSharma_RDG @GMB @susannareid100 Oh this is bordering on pathetic desperation now ...","somewhat-anonymous","Sandra"
1267176198179827700,1179472002140250000,"@piersmorgan Two bob politician for a two bob show .... go figure","somewhat-anonymous","Sandra"
1267175302163300400,1179472002140250000,"@PatWilliams1944 @maitlis The look on spaniels ears maitlis was a picture!","somewhat-anonymous","Sandra"
1267167841855451100,1179472002140250000,"@piersmorgan @GMB @DailyMirror ... and I‚Äôm reminded you once used to be a journalist ... not any more .. just a z grade celeb now","somewhat-anonymous","Sandra"
1267166207641292800,1179472002140250000,"It‚Äôs the least he deserves https://t.co/xQNN3hIV48","somewhat-anonymous","Sandra"
1267165787837599700,1179472002140250000,"@charliemillett @piersmorgan @GMB Note to self ; ignore numpties on Twitter","somewhat-anonymous","Sandra"
1267165052668387300,1179472002140250000,"@charliemillett @piersmorgan @GMB Perspective - that‚Äôs all - I follow that awful Kevin Maguire too - and I disagree‚Ä¶ https://t.co/lep9bW3KaQ","somewhat-anonymous","Sandra"
1267160406625321000,1179472002140250000,"@piersmorgan One things for sure ... no one is watching @GMB anymore or gives a fig what @piersmorgan says or thinks","somewhat-anonymous","Sandra"
1267159321097449500,1179472002140250000,"@piersmorgan @GMB What a gracious and encouraging invitation from you Piers - you need to work on your communicatio‚Ä¶ https://t.co/sESDUa0oUg","somewhat-anonymous","Sandra"
1266055218422317000,3309697323,"i‚Äôm gonna take a break from twitter. ily all, if you need to reach me for some reason you can message @kaidennn__ b‚Ä¶ https://t.co/9HWoHBPK8w","somewhat-anonymous","Sandra"
1266053578621403100,3309697323,"@charlieIuvbot LMFAO","somewhat-anonymous","Sandra"
1266053254070272000,3309697323,"@joshuadun he stays on that king shit","somewhat-anonymous","Sandra"
1266048004991201300,3309697323,"@charlieIuvbot ily!! üíì","somewhat-anonymous","Sandra"
1266047588437983200,3309697323,"@charlieIuvbot go for it üíì my mom calls me that sometimes so it‚Äôs coolio","somewhat-anonymous","Sandra"
1266046691238609000,3309697323,"@charlieIuvbot ilymüíì anything works","somewhat-anonymous","Sandra"
1266046498720174000,3309697323,"@ludscooped ü•∫","somewhat-anonymous","Sandra"
1266045872967749600,3309697323,"@kaidennn__ i love you too","somewhat-anonymous","Sandra"
1266045830030639000,3309697323,"@charlieIuvbot never me ellie","somewhat-anonymous","Sandra"
1266045513000013800,3309697323,"@wuzisexy thank you i really appreciate it","somewhat-anonymous","Sandra"
1265886402392309800,3309697323,"whoü•∫ https://t.co/gaYOGcH8dV","somewhat-anonymous","Sandra"
1265872762196955100,3309697323,"@cscooped yay i‚Äôm so excited","somewhat-anonymous","Sandra"
1265868406198349800,3309697323,"@travessamwitch goodnight linds i love you as well","somewhat-anonymous","Sandra"
1265868332294643700,3309697323,"@JoeB_IV oh but it‚Äôs so good","somewhat-anonymous","Sandra"
1265868141122420700,3309697323,"@kaidennn__ goodnight&lt;3","somewhat-anonymous","Sandra"
1265867980648448000,3309697323,"@JoeB_IV as in it‚Äôs a bad movie or it‚Äôs too scary lol","somewhat-anonymous","Sandra"
1267231695293554700,24512942,"@pulte Not a great day today. The events of the last few days/weeks/months are really getting to me....","somewhat-anonymous","Sandra"
1266124609847529500,24512942,"@pulte Beautiful!!! üòç‚ù§üòç","somewhat-anonymous","Sandra"
1266065991005503500,24512942,"Happy Birthday Pulte!! https://t.co/JggioehphH","somewhat-anonymous","Sandra"
1266010408994975700,24512942,"@pulte Happy Birthday!!
Please help us and help us to feed others! We're trying to combat food insecurity by garden‚Ä¶ https://t.co/8isyKJesxe","somewhat-anonymous","Sandra"
1266009110207701000,24512942,"Happy Birthday! üòÅ https://t.co/lVmU9nlnWX","somewhat-anonymous","Sandra"
1265782093952561200,24512942,"@TeamPulte @PulteLearnings Done!","somewhat-anonymous","Sandra"
1265782057634009000,24512942,"Done! https://t.co/WspQPCQnEs","somewhat-anonymous","Sandra"
1265030589108883500,24512942,"@TeamPulte @pulte @TeamGiving @TeamPulte Hi Bill! 
Please help us &amp; feed others! We're trying to combat food insecu‚Ä¶ https://t.co/HAAYh1FgoD","somewhat-anonymous","Sandra"
1264999128578359300,24512942,"@pulte @pulte @TeamGiving @TeamPulte Hi Bill! 
Please help us &amp; feed others! We're trying to combat food insecurity‚Ä¶ https://t.co/iYGN4FYcXy","somewhat-anonymous","Sandra"
1267198263410729000,35146745,"If not they hiding you for a reason.","somewhat-anonymous","Sandra"
1267198131340546000,35146745,"Somebody that‚Äôs really fw you gone want you around every person they ‚Äúlove‚Äù.","somewhat-anonymous","Sandra"
1267197047406497800,35146745,"I let a mf do what they want I dont force nothing","somewhat-anonymous","Sandra"
1267196953189900300,35146745,"One thing judy ain‚Äôt finna keep doing is going back and forth.","somewhat-anonymous","Sandra"
1267186824306360300,35146745,"You still love meüòÑ‚ù§Ô∏è","somewhat-anonymous","Sandra"
1267186780714958800,35146745,"I know I get weak, but In you I‚Äôm strong.","somewhat-anonymous","Sandra"
1266426534866419700,35146745,"RealBoss‚ù§Ô∏èü•µ","somewhat-anonymous","Sandra"
1266310535617929200,35146745,"Without that badge you a bitch and a half üò§","somewhat-anonymous","Sandra"
1266310260299530200,35146745,"Bryson tiller set it offüòÖ‚ù§Ô∏è‚ù§Ô∏èü•µ","somewhat-anonymous","Sandra"
1266300907764904000,35146745,"Fuck you Trump. ROT IN HELL @realDonaldTrump","somewhat-anonymous","Sandra"
1266300328481157000,35146745,"BURN ALL THAT SHIT DOWN #GeorgeFloydprotest","somewhat-anonymous","Sandra"
1266300180267069400,35146745,"You didn‚Äôt deserve that. RIP #GeorgeFloyd and all the others who lost their lives to racist ass coons in uniforms!!","somewhat-anonymous","Sandra"
1266299834480210000,35146745,"Devil in a uniform! https://t.co/NRazUhCqBX","somewhat-anonymous","Sandra"
1266299748660609000,35146745,"Fuck peaceful protesting. We don‚Äôt got another 100-400 years of patience! Fuck y‚Äôall!!","somewhat-anonymous","Sandra"
1266299295092715500,35146745,"They doin right! Enough is a fuckin nough. FUCK whoever feel some kinda way!","somewhat-anonymous","Sandra"
1266299112850288600,35146745,"FUCK MINNEAPOLIS!!","somewhat-anonymous","Sandra"
1266180437564690400,35146745,"Nobody want y‚Äôall broke ass baby daddies but y‚Äôall","somewhat-anonymous","Sandra"
1266090984456290300,35146745,"I put the S in single üò≠","somewhat-anonymous","Sandra"
1266090944622985200,35146745,"So I‚Äôm cool where I‚Äôm at. Fuck these niggas.","somewhat-anonymous","Sandra"
1266090886179537000,35146745,"I honestly don‚Äôt even want a nigga I‚Äôm tired of being committed to bullshit!","somewhat-anonymous","Sandra"
1266090720433143800,35146745,"Everybody better pull up tomorrow w bottles period poohüòÇ","somewhat-anonymous","Sandra"
1266090614573203500,35146745,"Fuck no ü§£üò≠ https://t.co/VKTsfxKXHK","somewhat-anonymous","Sandra"
1267268070646694000,275272105,"@shiphitsthefan Lmao Maybe!!","somewhat-anonymous","Sandra"
1267267507959857200,275272105,"@shiphitsthefan I want to be ""82388goose"", but I bet it's a Top Gun reference. So I'll be ""String"".","somewhat-anonymous","Sandra"
1267247190608658400,275272105,"Pride Month icon?","somewhat-anonymous","Sandra"
1267221326172913700,275272105,"@maelipie https://t.co/nEGWHHQElT","somewhat-anonymous","Sandra"
1267220914443374600,275272105,"@Macabre_Kitty üçÄüçÄüçÄüçÄüçÄüçÄüçÄüçÄüçÄüçÄüçÄ That is so shitty. I hope your unemployment goes through","somewhat-anonymous","Sandra"
1267219891796545500,275272105,"@DisasterAndie Ah good!! I'd guess the relief might not come until you've actually talked.","somewhat-anonymous","Sandra"
1267194225675907000,275272105,"Today's coloring project https://t.co/3rjefFXrS7","somewhat-anonymous","Sandra"
1267165827171786800,275272105,"@mrdrhsbnds OMG it issss","somewhat-anonymous","Sandra"
1267281830098550800,65257293,"@CrypticJacknife @ClaudiaBrown100 Honestly after the last few days, I may have some massacre fantasies involving cops ü§î","somewhat-anonymous","Sandra"
1267270668338385000,65257293,"@ohgoditsranor If you find anything, drop me an @","somewhat-anonymous","Sandra"
1267270211821908000,65257293,"@ohgoditsranor I really wanna hear takes on this from immigrants. ü§î ""Racist relatives"" is a whole nother ballgame w‚Ä¶ https://t.co/YfHTJmnPy6","somewhat-anonymous","Sandra"
1267265663904571400,65257293,"@Kaldorei_Life I'm not normally a violent person but I'm ngl I'd execute every pig there Punisher-style if I had the chance","somewhat-anonymous","Sandra"
1267264879695560700,65257293,"@Kaldorei_Life that's so fucked. Let's not forget that tasers can easily kill people with heart conditions btw

the‚Ä¶ https://t.co/LBN3w8Giku","somewhat-anonymous","Sandra"
1267264337191690200,65257293,"@Brittm_tv @brittmtv if you gave me a gun and told me to shoot every pig there in the head, i wouldn't hesitate","somewhat-anonymous","Sandra"
1267260341454397400,65257293,"@RealYungCripp Congratulate him on the cosplay https://t.co/UFmg0cQyns","somewhat-anonymous","Sandra"
1267259747100549000,65257293,"@Ivybono1 @_llebrun @WillB_86 @CBCNews Licking the boot that's stepping on their neck, you love to see it","somewhat-anonymous","Sandra"
1267240462730985500,65257293,"Not meant to be the same type of hollow platitudes I was criticizing earlier - this is for people who are sitting t‚Ä¶ https://t.co/QV754RvJ1O","somewhat-anonymous","Sandra"
1267237317959282700,65257293,"I'm having trouble forming the words but just remember that if you feel useless on Twitter, you almost certainly ar‚Ä¶ https://t.co/IAeLNBg1Iy","somewhat-anonymous","Sandra"
1267233406615617500,65257293,"@hankgreen Doing the bare minimum here https://t.co/ynt7upgp0Q","somewhat-anonymous","Sandra"
1267227441749127200,65257293,"@Linnychuu ok i need to know names, drop the tea sis üëÄ","somewhat-anonymous","Sandra"
1267215590084640800,65257293,"RIP antifa dog üòîüôè https://t.co/M5gurbtp1Q","somewhat-anonymous","Sandra"
1267214497195782100,65257293,"@JimDavisMTG There was some people theorizing that async tournaments make aggro mirror matches more likely? Since c‚Ä¶ https://t.co/FOtz4h8Iiy","somewhat-anonymous","Sandra"
1267206475836846000,65257293,"@ohgoditsranor They're all tweeting today - cause they know they'll get called out if they don't - and most of it i‚Ä¶ https://t.co/05fiYLmaVT","somewhat-anonymous","Sandra"
1267204359302951000,65257293,"Tangential: an ex-gf took me to a semi-expensive brunch with her parents once and it was probably the whitest exper‚Ä¶ https://t.co/Lb1nFbZCze","somewhat-anonymous","Sandra"
1267203342536601600,65257293,"I take it back, the liberals must have been at brunch or something","somewhat-anonymous","Sandra"
1267202005853823000,65257293,"@jasonschreier Yup, was really disappointed in the fence-sitting moderates I saw tweet that shit earlier. Attemptin‚Ä¶ https://t.co/ezIqhlzgzT","somewhat-anonymous","Sandra"
1267191431497580500,65257293,"@KatQuilled @EugeneLeeYang Wasn't the top right in #1 a hoax? ""Out of state disruptors"" was walked back &lt;24h after‚Ä¶ https://t.co/Y7Yz2O7YgJ","somewhat-anonymous","Sandra"
1267189971527463000,65257293,"@Vetaro @shaun_vids Way too many tbh, why all these pigs queued tank?","somewhat-anonymous","Sandra"
1267187145086603300,65257293,"@BDaveWalters @matthewmercer Really don't care about that bottom right circle at the moment, feels like spineless f‚Ä¶ https://t.co/szTEYOuJze","somewhat-anonymous","Sandra"
1267186073290961000,65257293,"@Phazius Hey he can give those 1s to enemies, right?","somewhat-anonymous","Sandra"
1267185448843006000,65257293,"@ProZD Well said, my man. This is the same level of anger I feel, anyone trying to be more moderate right now is a privileged coward.","somewhat-anonymous","Sandra"
1266799443803869200,310600884,"@ASAPRemz1__ You going to Cleveland?","somewhat-anonymous","David"
1266629621749088300,310600884,"Have you ever laid in bed and had super raw moment with yourself? That is growth.","somewhat-anonymous","David"
1266628665938514000,310600884,"@_simplycorin Love you!","somewhat-anonymous","David"
1266624041538007000,310600884,"I love you Jesus.. 

I worship &amp; adore you.. 

Just want to tell you.. 

Lord, I love you.. 

More than anything.. ‚ô•Ô∏è","somewhat-anonymous","David"
1266608867665948700,310600884,"@zaq1st @_authentiKjay I had to make sure she was blinking. It was kinda creepy. üôÉ","somewhat-anonymous","David"
1266588721903800300,310600884,"@BigDawgChoosin That‚Äôs the episode I‚Äôm on too. Like she got TOO far on this show without someone checking her ass.","somewhat-anonymous","David"
1266587944917315600,310600884,"My ceiling fan sounds like it‚Äôs about to fly off...","somewhat-anonymous","David"
1266587398609215500,310600884,"Kim from RHOA is sketchy Af, was throwing in hella racial subliminals the whole time she was on the show &amp; then acting clueless.","somewhat-anonymous","David"
1266586813302550500,310600884,"@ASAPRemz1__ Lol they just don‚Äôt hit the same as the regular ones.","somewhat-anonymous","David"
1266583352271921200,310600884,"If y‚Äôall eat those pull apart twizzlers, I‚Äôm praying for you.","somewhat-anonymous","David"
1266562690534826000,310600884,"This lady literally told me: 

‚ÄúDon‚Äôt Forget Black People Are MOSTLY the ones who are rioting and stealing‚Äù

You ha‚Ä¶ https://t.co/ZQt4F0J0de","somewhat-anonymous","David"
1266517370639696000,310600884,"@Nashaayy The truth!","somewhat-anonymous","David"
1266432821717016600,310600884,"This! I told the people close to me yesterday that it‚Äôs very overwhelming to see what‚Äôs going on everywhere you tur‚Ä¶ https://t.co/7KKk8W4AdO","somewhat-anonymous","David"
1266412679826223000,310600884,"I‚Äôm afraid to leave my house because of this damn pandemic. 

I‚Äôm afraid to leave my house because I‚Äôm Black.","somewhat-anonymous","David"
1267276389964800000,1162196633326694400,"@Excel1x Ik its epic","somewhat-anonymous","David"
1267276097865031700,1162196633326694400,"@Excel1x Sup","somewhat-anonymous","David"
1267275176342888400,1162196633326694400,"@krspxi Ok","somewhat-anonymous","David"
1267274998626074600,1162196633326694400,"@nestyZK @officialapexgg ‚ù§","somewhat-anonymous","David"
1267274014839451600,1162196633326694400,"To clients and teams, likes, rts, vouches appreciated ‚ù§","somewhat-anonymous","David"
1267273916692775000,1162196633326694400,"Starting my grind for @officialapexgg as an editor! First edit should be tmrw whether thats a single edit or a full‚Ä¶ https://t.co/wvFFr7UQTy","somewhat-anonymous","David"
1267272850723033000,1162196633326694400,"@krspxi v","somewhat-anonymous","David"
1267272022729556000,1162196633326694400,"@f0rest10k @officialapexgg late vouch","somewhat-anonymous","David"
1267120624008417300,1162196633326694400,"@krspxi Ok","somewhat-anonymous","David"
1267118126979833900,1162196633326694400,"@fakeifys LMFAOAOA","somewhat-anonymous","David"
1267117876508590000,1162196633326694400,"@trztns @qtNapes Wow you got egoed","somewhat-anonymous","David"
1267116852800630800,1162196633326694400,"@sosaciroc https://t.co/tCRCf7l72u üíÄ","somewhat-anonymous","David"
1267116730687590400,1162196633326694400,"@TheFreshMexican @kobeast_iOS Yes","somewhat-anonymous","David"
1267109604124766200,1162196633326694400,"@moriyi @YolandaSooley @DaviTweeting @IBringTheDeeps @ElijahSchaffer ü§£","somewhat-anonymous","David"
1266989888987152400,1162196633326694400,"@YxungJames Awesome","somewhat-anonymous","David"
1266987130947022800,1162196633326694400,"@itspapamax üòí","somewhat-anonymous","David"
1266986309744279600,1162196633326694400,"@fras99 Hey!","somewhat-anonymous","David"
1266985971834335200,1162196633326694400,"@BusWtff @Nicks","somewhat-anonymous","David"
1266985361986801700,1162196633326694400,"@Plyets @ecoiwnl Ight üòÇ","somewhat-anonymous","David"
1266985253526294500,1162196633326694400,"@Plyets @ecoiwnl Im right correct?","somewhat-anonymous","David"
1267283485066215400,2360121187,"TWELVE pack of Hand Sanitizer bottles, $39.99!!!          
*PRIME SHIPPING*‚Ä¶ https://t.co/CclJBMsUyB","somewhat-anonymous","David"
1267282727574933500,2360121187,"Car Jump Starter for $34.99!!         
           
Use promo code; 55C56PDR        
   
select Shoe Maker Limited a‚Ä¶ https://t.co/brevbEtScK","somewhat-anonymous","David"
1267282476680056800,2360121187,"Grab a 39"" Sound Bar for $43! 
   
Use promo code; EKHID7IT

https://t.co/w5YQL1d0ZU https://t.co/FtywRiSPnM","somewhat-anonymous","David"
1267281782891831300,2360121187,"42 Piece Rubbermaid with Vented Lids, $19.99!                    
                          
https://t.co/Q3xA5YKMJc https://t.co/SHarHoEdPG","somewhat-anonymous","David"
1267281218938298400,2360121187,"Essential Oils Top 6 Gift Set, $9.99! 
(almost 40% off)     
   
https://t.co/lQB0aFgpvE https://t.co/z4tBkFyopl","somewhat-anonymous","David"
1267280966940340200,2360121187,"Grab a pair of Jordan 1 High Royal, sizes starting at $220!!
    
https://t.co/KAze19k0lO
    
#FKDX https://t.co/jpkwmwDYiK","somewhat-anonymous","David"
1267280218034770000,2360121187,"2 pack of 3/4 Compression Tights, $8.99!
*coupon PLUS code; 508RPYWH   

https://t.co/0xGDp55O9z https://t.co/p4PjwRHrch","somewhat-anonymous","David"
1267279964258304000,2360121187,"100 Vintage Baseball Cards in Sealed Packs, $8.99!

https://t.co/fQksoEmKuU https://t.co/dg9nISpW2y","somewhat-anonymous","David"
1267279711669010400,2360121187,"Louis Vuitton handbags and wallets starting at only $200!!
     
https://t.co/xArU0JyjrV‚Ä¶ https://t.co/skqdaXy40l","somewhat-anonymous","David"
1267278999929176000,2360121187,"@posefortheCAM code","somewhat-anonymous","David"
1267278956425875500,2360121187,"@ryslime nothing right now.","somewhat-anonymous","David"
1267278918945562600,2360121187,"@Bhristinaa https://t.co/ke3z4FRJgv","somewhat-anonymous","David"
1267278705107370000,2360121187,"Steal!   
    
5.3QT XL Air Fryer for $59; https://t.co/86ZnfeIbiX   
 
Massive 7QT Air Fryer for $99;‚Ä¶ https://t.co/uQOy3hcue9","somewhat-anonymous","David"
1267278416069275600,2360121187,"@oak93408818 https://t.co/YuCE0V8D2Q","somewhat-anonymous","David"
1267278345848397800,2360121187,"@MzCherri_Amour https://t.co/dUslXqH1U6","somewhat-anonymous","David"
1267278202961002500,2360121187,"Wood Shadow Box Photo Frame, $10.83!
*coupon PLUS code; 15KTGE4S

https://t.co/TQq9fQLPJx https://t.co/vbKApLifLi","somewhat-anonymous","David"
1267278188457181200,2360121187,"@Francis08869544 https://t.co/1tsTqP7X78","somewhat-anonymous","David"
1267277446530957300,2360121187,"STEAL!!    
        
4 Piece Patio Furniture Set, $159.98!    
 
https://t.co/WUHztbGiLr https://t.co/ZNYqN3WVfO","somewhat-anonymous","David"
1267277006842069000,2360121187,"@facebrutality no idea","somewhat-anonymous","David"
1267276938466467800,2360121187,"@ccactusjacck https://t.co/CVpWbbRqWN","somewhat-anonymous","David"
1267276786150277000,2360121187,"@HalfwayCrooksss https://t.co/CQfh2izIgt","somewhat-anonymous","David"
1266895801168662500,267410119,"Did y‚Äôall hear that","somewhat-anonymous","David"
1266788595278504000,267410119,"Thanks for the advice but that is the least of my concerns üòâ https://t.co/w2uiRCI6D5","somewhat-anonymous","David"
1266754614638137300,267410119,"My boss is a literal idiot ü§¢ü•¥ the bitch is really dumb as hell","somewhat-anonymous","David"
1266753969222832000,267410119,"Lmaoooo https://t.co/X8TYuUhljs","somewhat-anonymous","David"
1266741537783853000,267410119,"I‚Äôm cackling üòÇ https://t.co/4NnrNh7VOx","somewhat-anonymous","David"
1266709797472272400,267410119,"We are sick &amp; tired","somewhat-anonymous","David"
1266705655945203700,267410119,"With that being said pls don‚Äôt burn the hood ....... suburbs insteadüôÉ https://t.co/0Q6tRvPDXv","somewhat-anonymous","David"
1266704759383306200,267410119,"Same sis but tell them that possibly we could be in a cell together üòÇ https://t.co/JhScPBb1Zp","somewhat-anonymous","David"
1266704032015552500,267410119,"It‚Äôs just kind of annoying because the people that are talking about let‚Äôs burn stuff down, let‚Äôs riot are from Sol‚Ä¶ https://t.co/T74akpycp1","somewhat-anonymous","David"
1266702643289882600,267410119,"I support protesting all I ask is please do not destroy the Cleveland neighborhoods this is literally all we have","somewhat-anonymous","David"
1266183107327262700,267410119,"Idk why I‚Äôm watching fish hooks but here I am","somewhat-anonymous","David"
